BKVL-0001,15/10/2021,20/10/2021,1,Booking For Villa 5,SVVL-0005
BKRO-0001,15/10/2021,19/10/2021,2,Booking For Room 4,SVRO-0004
BKHO-0001,15/10/2021,18/10/2021,3,Booking For House 3,SVHO-0003
BKVL-0002,23/10/2021,26/10/2021,1,Booking For Villa 3,SVVL-0003
BKVL-0003,28/10/2021,31/10/2021,4,Booking For Villa 3,SVVL-0003
BKHO-0002,25/10/2021,30/10/2021,5,Booking For House 5,SVHO-0005
BKRO-0002,25/10/2021,27/10/2021,1,Booking For Room 2,SVRO-0002
BKHO-0003,01/11/2021,04/11/2021,1,Booking For House 3,SVHO-0003
BKVL-0004,01/11/2021,03/11/2021,2,Booking For Villa 3,SVVL-0003
BKVL-0005,01/11/2021,05/11/2021,3,Booking For Villa 3,SVVL-0003
BKVL-0006,31/10/2021,05/11/2021,4,Booking For Villa 3,SVVL-0003
BKVL-0007,31/10/2021,03/11/2021,5,Booking For Villa 3,SVVL-0003
BKVL-0008,16/05/2022,20/05/2022,1,Booking For Villa 1,SVVL-0001
BKRO-0004,01/11/2021,07/11/2021,5,Booking For Room 2,SVRO-0002
BKVL-0009,01/11/2021,10/11/2021,6,Booking For Villa 2,SVVL-0002
BKHO-0004,02/11/2021,05/11/2021,1,Booking For House 3,SVHO-0003
BKHO-0005,02/11/2021,04/11/2021,6,Booking For House 4,SVHO-0004
